Workbook

Sheet Total
A1: S.No. | B1: Name | C1: TGPA UID | D1: Contribution Available
A2: 1 | B2: SAI PRATHYUSH REDDY PALLETI | C2: 4 | D2: ='Pratyush Reddy'!I2 -> 2700
A3: 2 | B3: D.Naveen | C3: 5 | D3: =D.Naveen!I2 -> 2700
A4: 3 | B4: Saitheja Puli | C4: 6 | D4: ='Saitheja Puli'!I2 -> 300
A5: 4 | B5: Mahesh Reddy | C5: 23 | D5: ='Mahesh Reddy'!I2 -> 2610
A6: 5 | B6: Siddoji Rani | C6: 33 | D6: ='Siddoji Rani'!I2 -> 2700
A7: 6 | B7: Neha Purohit | C7: 49 | D7: ='Neha Purohit '!I2 -> 2610
A8: 7 | B8: Rohit Goud Marupakula | C8: 51 | D8: ='Rohit Goud'!I2 -> 2610
A9: 8 | B9: Prasna Pinnika | C9: 53 | D9: ='Prasna Pinnika'!I2 -> 2610
A10: 9 | B10: MAMILLA OMKAR YADAV | C10: 65 | D10: ='Omkar Yadav'!I2 -> 2610
A11: 10 | B11: Anil Kumar | C11: 66 | D11: ='Anil Kumar '!I2 -> 2610
A12: 11 | B12: G Sumasri | C12: 70 | D12: ='G Sumasri '!I2 -> 2610
A13: 12 | B13: Vinod Reddy | C13: 84 | D13: ='Vinod Reddy '!I2 -> 2610
A14: 13 | B14: P Sandeep kumar | C14: 88 | D14: ='P Sandeep kumar '!I2 -> 2610
A15: 14 | B15: D SABITHA | C15: 93 | D15: ='D Sabitha'!I2 -> 2610
A16: 15 | B16: Mounika | C16: 98 | D16: =Mounika!I2 -> 2610
A17: 16 | B17: MUSHARRAF | C17: 99 | D17: =Musharraf!I2 -> 2610
A18: 17 | B18: Anvesh | C18: 104 | D18: =Anvesh!I2 -> 2610
A19: 18 | B19: R Pramod Kumar | C19: 109 | D19: ='Pramod Kumar'!I2 -> 2700

Sheet Pratyush Reddy
D2: Total Credits | E2: =SUM(E5:E1048576) -> 2700 | F2: Total Debits | G2: =SUM(G5:G1048576) -> 0 | H2: Balance Available | I2: =E2-G2 -> 2700
A4: S.No. | B4: Name | C4: TGPA UID | D4: Credit Date | E4: Credit Amt. | F4: Debit Date | G4: Debit Amt.
A5: 1 | B5: SAI PRATHYUSH REDDY PALLETI | C5: 4 | D5: 26.11.2025 | E5: 300
D6: 27.11.2025 | E6: 2400

Sheet D.Naveen
D2: Total Credits | E2: =SUM(E5:E1048576) -> 2700 | F2: Total Debits | G2: =SUM(G5:G1048576) -> 0 | H2: Balance Available | I2: =E2-G2 -> 2700
A4: S.No. | B4: Name | C4: TGPA UID | D4: Credit Date | E4: Credit Amt. | F4: Debit Date | G4: Debit Amt.
A5: 1 | B5: D.Naveen | C5: 5 | D5: 26.11.2025 | E5: 300
D6: 27.11.2025 | E6: 2400

Sheet Saitheja Puli
D2: Total Credits | E2: =SUM(E5:E1048576) -> 300 | F2: Total Debits | G2: =SUM(G5:G1048576) -> 0 | H2: Balance Available | I2: =E2-G2 -> 300
A4: S.No. | B4: Name | C4: TGPA UID | D4: Credit Date | E4: Credit Amt. | F4: Debit Date | G4: Debit Amt.
A5: 1 | B5: Saitheja Puli | C5: 6 | D5: 26.11.2025 | E5: 300

Sheet Mahesh Reddy
D2: Total Credits | E2: =SUM(E5:E1048576) -> 2610 | F2: Total Debits | G2: =SUM(G5:G1048576) -> 0 | H2: Balance Available | I2: =E2-G2 -> 2610
A4: S.No. | B4: Name | C4: TGPA UID | D4: Credit Date | E4: Credit Amt. | F4: Debit Date | G4: Debit Amt.
A5: 1 | B5: Mahesh Reddy | C5: 23 | D5: 26.11.2025 | E5: 300
D6: 27.11.2025 | E6: 2310

Sheet Siddoji Rani
D2: Total Credits | E2: =SUM(E5:E1048576) -> 2700 | F2: Total Debits | G2: =SUM(G5:G1048576) -> 0 | H2: Balance Available | I2: =E2-G2 -> 2700
A4: S.No. | B4: Name | C4: TGPA UID | D4: Credit Date | E4: Credit Amt. | F4: Debit Date | G4: Debit Amt.
A5: 1 | B5: Siddoji Rani | C5: 33 | D5: 26.11.2025 | E5: 300
D6: 27.11.2025 | E6: 2400

Sheet Neha Purohit 
D2: Total Credits | E2: =SUM(E5:E1048576) -> 2610 | F2: Total Debits | G2: =SUM(G5:G1048576) -> 0 | H2: Balance Available | I2: =E2-G2 -> 2610
A4: S.No. | B4: Name | C4: TGPA UID | D4: Credit Date | E4: Credit Amt. | F4: Debit Date | G4: Debit Amt.
A5: 1 | B5: Neha Purohit | C5: 49 | D5: 26.11.2025 | E5: 300
D6: 27.11.2025 | E6: 2310

Sheet Rohit Goud
D2: Total Credits | E2: =SUM(E5:E1048576) -> 2610 | F2: Total Debits | G2: =SUM(G5:G1048576) -> 0 | H2: Balance Available | I2: =E2-G2 -> 2610
A4: S.No. | B4: Name | C4: TGPA UID | D4: Credit Date | E4: Credit Amt. | F4: Debit Date | G4: Debit Amt.
A5: 1 | B5: Rohit Goud Marupakula | C5: 51 | D5: 26.11.2025 | E5: 300
D6: 27.11.2025 | E6: 2310

Sheet Prasna Pinnika
D2: Total Credits | E2: =SUM(E5:E1048576) -> 2610 | F2: Total Debits | G2: =SUM(G5:G1048576) -> 0 | H2: Balance Available | I2: =E2-G2 -> 2610
A4: S.No. | B4: Name | C4: TGPA UID | D4: Credit Date | E4: Credit Amt. | F4: Debit Date | G4: Debit Amt.
A5: 1 | B5: Prasna Pinnika | C5: 53 | D5: 26.11.2025 | E5: 300
D6: 27.11.2025 | E6: 2310

Sheet Omkar Yadav
D2: Total Credits | E2: =SUM(E5:E1048576) -> 2610 | F2: Total Debits | G2: =SUM(G5:G1048576) -> 0 | H2: Balance Available | I2: =E2-G2 -> 2610
A4: S.No. | B4: Name | C4: TGPA UID | D4: Credit Date | E4: Credit Amt. | F4: Debit Date | G4: Debit Amt.
A5: 1 | B5: MAMILLA OMKAR YADAV | C5: 65 | D5: 26.11.2025 | E5: 300
D6: 27.11.2025 | E6: 2310

Sheet Anil Kumar 
D2: Total Credits | E2: =SUM(E5:E1048576) -> 2610 | F2: Total Debits | G2: =SUM(G5:G1048576) -> 0 | H2: Balance Available | I2: =E2-G2 -> 2610
A4: S.No. | B4: Name | C4: TGPA UID | D4: Credit Date | E4: Credit Amt. | F4: Debit Date | G4: Debit Amt.
A5: 1 | B5: Anil Kumar | C5: 66 | D5: 26.11.2025 | E5: 300
D6: 27.11.2025 | E6: 2310

Sheet G Sumasri 
D2: Total Credits | E2: =SUM(E5:E1048576) -> 2610 | F2: Total Debits | G2: =SUM(G5:G1048576) -> 0 | H2: Balance Available | I2: =E2-G2 -> 2610
A4: S.No. | B4: Name | C4: TGPA UID | D4: Credit Date | E4: Credit Amt. | F4: Debit Date | G4: Debit Amt.
A5: 1 | B5: G Sumasri | C5: 70 | D5: 26.11.2025 | E5: 300
D6: 27.11.2025 | E6: 2310

Sheet Vinod Reddy 
D2: Total Credits | E2: =SUM(E5:E1048576) -> 2610 | F2: Total Debits | G2: =SUM(G5:G1048576) -> 0 | H2: Balance Available | I2: =E2-G2 -> 2610
A4: S.No. | B4: Name | C4: TGPA UID | D4: Credit Date | E4: Credit Amt. | F4: Debit Date | G4: Debit Amt.
A5: 1 | B5: Vinod Reddy | C5: 84 | D5: 26.11.2025 | E5: 300
D6: 27.11.2025 | E6: 2310

Sheet P Sandeep kumar 
D2: Total Credits | E2: =SUM(E5:E1048576) -> 2610 | F2: Total Debits | G2: =SUM(G5:G1048576) -> 0 | H2: Balance Available | I2: =E2-G2 -> 2610
A4: S.No. | B4: Name | C4: TGPA UID | D4: Credit Date | E4: Credit Amt. | F4: Debit Date | G4: Debit Amt.
A5: 1 | B5: P Sandeep kumar | C5: 88 | D5: 26.11.2025 | E5: 300
D6: 27.11.2025 | E6: 2310

Sheet D Sabitha
D2: Total Credits | E2: =SUM(E5:E1048576) -> 2610 | F2: Total Debits | G2: =SUM(G5:G1048576) -> 0 | H2: Balance Available | I2: =E2-G2 -> 2610
A4: S.No. | B4: Name | C4: TGPA UID | D4: Credit Date | E4: Credit Amt. | F4: Debit Date | G4: Debit Amt.
A5: 1 | B5: D SABITHA | C5: 93 | D5: 26.11.2025 | E5: 300
D6: 27.11.2025 | E6: 2310

Sheet Mounika
D2: Total Credits | E2: =SUM(E5:E1048576) -> 2610 | F2: Total Debits | G2: =SUM(G5:G1048576) -> 0 | H2: Balance Available | I2: =E2-G2 -> 2610
A4: S.No. | B4: Name | C4: TGPA UID | D4: Credit Date | E4: Credit Amt. | F4: Debit Date | G4: Debit Amt.
A5: 1 | B5: Mounika | C5: 98 | D5: 26.11.2025 | E5: 300
D6: 27.11.2025 | E6: 2310

Sheet Musharraf
D2: Total Credits | E2: =SUM(E5:E1048576) -> 2610 | F2: Total Debits | G2: =SUM(G5:G1048576) -> 0 | H2: Balance Available | I2: =E2-G2 -> 2610
A4: S.No. | B4: Name | C4: TGPA UID | D4: Credit Date | E4: Credit Amt. | F4: Debit Date | G4: Debit Amt.
A5: 1 | B5: MUSHARRAF | C5: 99 | D5: 26.11.2025 | E5: 300
D6: 27.11.2025 | E6: 2310

Sheet Anvesh
D2: Total Credits | E2: =SUM(E5:E1048576) -> 2610 | F2: Total Debits | G2: =SUM(G5:G1048576) -> 0 | H2: Balance Available | I2: =E2-G2 -> 2610
A4: S.No. | B4: Name | C4: TGPA UID | D4: Credit Date | E4: Credit Amt. | F4: Debit Date | G4: Debit Amt.
A5: 1 | B5: Anvesh | C5: 104 | D5: 26.11.2025 | E5: 300
D6: 27.11.2025 | E6: 2310

Sheet Pramod Kumar
D2: Total Credits | E2: =SUM(E5:E1048576) -> 2700 | F2: Total Debits | G2: =SUM(G5:G1048576) -> 0 | H2: Balance Available | I2: =E2-G2 -> 2700
A4: S.No. | B4: Name | C4: TGPA UID | D4: Credit Date | E4: Credit Amt. | F4: Debit Date | G4: Debit Amt.
A5: 1 | B5: R Pramod Kumar | C5: 109 | D5: 26.11.2025 | E5: 300
D6: 27.11.2025 | E6: 2400
